<?xml version="1.0" encoding="UTF-8"?>
<serviceGroup>
    <service name="erstelleEintrag" scope="application">
        <description>erstelleEintrag service</description>
        <messageReceivers>
            <messageReceiver mep="http://www.w3.org/2004/08/wsdl/in-only" class="org.apache.axis2.rpc.receivers.RPCInOnlyMessageReceiver"/>
            <messageReceiver mep="http://www.w3.org/2004/08/wsdl/in-out" class="org.apache.axis2.rpc.receivers.RPCMessageReceiver"/>
        </messageReceivers>
        <parameter name="ServiceClass">soa.erstelleEintrag</parameter>
    </service>
    <service name="sucheEintrag" scope="application">
        <description>sucheEintrag service</description>
        <messageReceivers>
            <messageReceiver mep="http://www.w3.org/2004/08/wsdl/in-only" class="org.apache.axis2.rpc.receivers.RPCInOnlyMessageReceiver"/>
            <messageReceiver mep="http://www.w3.org/2004/08/wsdl/in-out" class="org.apache.axis2.rpc.receivers.RPCMessageReceiver"/>
        </messageReceivers>
        <parameter name="ServiceClass">soa.sucheEintrag</parameter>
    </service>
</serviceGroup>



